dataset,method,time,accuracy,random_state,iters,product
banknote,IWLS,0.0009802499989746138,0.8672775431312191,420,5,True
banknote,SGD,0.10347216600348474,0.8476149569284368,420,8,True
banknote,ADAM,0.18081904199789278,0.8640203307323359,420,10,True
banknote,LDA,0.0006664579996140674,0.8639964683704393,420,-1,True
banknote,QDA,0.0002729170009843074,0.8699739900255328,420,-1,True
banknote,DecisionTree,0.8327525419954327,0.9508435344930442,420,-1,True
banknote,RandomForest,0.49262925000221003,0.9546734435774453,420,-1,True
banknote,IWLS,0.0019061660059378482,0.8525306034791325,69,9,True
banknote,SGD,0.12553362500329968,0.8503591285465435,69,8,True
banknote,ADAM,0.23229445800097892,0.8673014054931156,69,11,True
banknote,LDA,0.0007428750031976961,0.865094137017682,69,-1,True
banknote,QDA,0.0002769999991869554,0.8585081251342257,69,-1,True
banknote,DecisionTree,0.017473624997364823,0.9475743909132126,69,-1,True
banknote,RandomForest,0.4617243340035202,0.9513923688166654,69,-1,True
banknote,IWLS,0.0008066660011536442,0.8722170520438113,42,7,True
banknote,SGD,0.06896208399848547,0.8749492924809698,42,5,True
banknote,ADAM,0.20343954100098927,0.8765957954518339,42,11,True
banknote,LDA,0.000804000002972316,0.8776696017371799,42,-1,True
banknote,QDA,0.0002863750050892122,0.8973083255780657,42,-1,True
banknote,DecisionTree,0.027667957998346537,0.929009473357673,42,-1,True
banknote,RandomForest,0.5407675000024028,0.9656024053260792,42,-1,True
banknote,IWLS,0.0009075839989236556,0.8640083995513876,24,7,True
banknote,SGD,0.23199237499648007,0.8640083995513876,24,16,True
banknote,ADAM,0.3732808339991607,0.8531033001646503,24,20,True
banknote,LDA,0.0006059590014046989,0.8678263774548405,24,-1,True
banknote,QDA,0.00036354100302560255,0.8705347555301024,24,-1,True
banknote,DecisionTree,0.022495417004392948,0.9497577970267497,24,-1,True
banknote,RandomForest,0.5160045829979936,0.9595890901281409,24,-1,True
banknote,IWLS,0.0007157090003602207,0.8798530078507171,96,6,True
banknote,SGD,0.11763941700337455,0.8776696017371799,96,9,True
banknote,ADAM,0.27019016700069187,0.8683990741403584,96,14,True
banknote,LDA,0.0006817499961471185,0.878206504879853,96,-1,True
banknote,QDA,0.0002745000019785948,0.8972963943971175,96,-1,True
banknote,DecisionTree,0.023150958004407585,0.9519531343212351,96,-1,True
banknote,RandomForest,0.5463563339944812,0.9677858114396163,96,-1,True
banknote,IWLS,0.0009664169992902316,0.8487006943947313,1312,9,True
banknote,SGD,0.10663462500087917,0.8350514233898871,1312,8,True
banknote,ADAM,0.1870212089997949,0.8481876536139548,1312,10,True
banknote,LDA,0.0006011250006849878,0.8339656859235927,1312,-1,True
banknote,QDA,0.0002604159963084385,0.843761185482139,1312,-1,True
banknote,DecisionTree,0.020614291999663692,0.933901257546472,1312,-1,True
banknote,RandomForest,0.5200033750006696,0.9563080153673611,1312,-1,True
banknote,IWLS,0.0007167079966166057,0.8645572338750089,777,5,True
banknote,SGD,0.12887733300158288,0.866740639988546,777,10,True
banknote,ADAM,0.253906541998731,0.8487364879375761,777,14,True
banknote,LDA,0.0006304160051513463,0.8683752117784618,777,-1,True
banknote,QDA,0.00026383299700682983,0.8606915312477629,777,-1,True
banknote,DecisionTree,0.019726291997358203,0.9535877061111508,777,-1,True
banknote,RandomForest,0.4529814580018865,0.9453909847996754,777,-1,True
kin8nm,IWLS,0.015121792006539181,0.8047295386557365,420,6,True
kin8nm,SGD,0.5328056250000373,0.721731479770616,420,5,True
kin8nm,ADAM,1.570776874999865,0.8039301781441459,420,11,True
kin8nm,LDA,0.017545332993904594,0.8008410173269835,420,-1,True
kin8nm,QDA,0.0074080409976886585,0.8147652549046098,420,-1,True
kin8nm,DecisionTree,0.7925811249951948,0.7836693362791126,420,-1,True
kin8nm,RandomForest,6.492077041002631,0.8533968185849001,420,-1,True
kin8nm,IWLS,0.020810041998629458,0.796219693673396,69,8,True
kin8nm,SGD,0.5947275409998838,0.7375001407324844,69,6,True
kin8nm,ADAM,1.628596959002607,0.7938361820899535,69,12,True
kin8nm,LDA,0.014930000004824251,0.7854200483854838,69,-1,True
kin8nm,QDA,0.013760249996266793,0.8027457073280895,69,-1,True
kin8nm,DecisionTree,0.6923223750054603,0.7935676313961258,69,-1,True
kin8nm,RandomForest,6.489344374997017,0.870882746992133,69,-1,True
kin8nm,IWLS,0.015337124998040963,0.7911258400073644,42,8,True
kin8nm,SGD,0.9714820419976604,0.7284074976969542,42,10,True
kin8nm,ADAM,1.6587254159967415,0.7907407297028988,42,12,True
kin8nm,LDA,0.01893174999713665,0.7855511779474516,42,-1,True
kin8nm,QDA,0.00881262499751756,0.8014738168040547,42,-1,True
kin8nm,DecisionTree,0.7174987910038908,0.7773681634642575,42,-1,True
kin8nm,RandomForest,6.339394458002062,0.8561154390489265,42,-1,True
kin8nm,IWLS,0.0158902080002008,0.8005953149659228,24,6,True
kin8nm,SGD,0.9411544579998008,0.7550526273264735,24,10,True
kin8nm,ADAM,1.028437250002753,0.8021357561837854,24,7,True
kin8nm,LDA,0.015576415993564297,0.7998605258295435,24,-1,True
kin8nm,QDA,0.015811749995918944,0.816241124747261,24,-1,True
kin8nm,DecisionTree,0.7318396670016227,0.7688228870093652,24,-1,True
kin8nm,RandomForest,6.472692082999856,0.8563548498400948,24,-1,True
kin8nm,IWLS,0.01586962500005029,0.7938216121386238,96,7,True
kin8nm,SGD,0.5253305829974124,0.7366133605129153,96,5,True
kin8nm,ADAM,0.7847754999966128,0.7896936800187025,96,5,True
kin8nm,LDA,0.02382312499685213,0.7837484776056537,96,-1,True
kin8nm,QDA,0.010115625002072193,0.8021711876563372,96,-1,True
kin8nm,DecisionTree,0.6967221250015427,0.7881386688495102,96,-1,True
kin8nm,RandomForest,6.3493840000010096,0.8596251416431064,96,-1,True
kin8nm,IWLS,0.013905708001402672,0.8004933253066147,1312,6,True
kin8nm,SGD,0.5247271670014015,0.7431996407844726,1312,5,True
kin8nm,ADAM,1.7557318340041093,0.7971938936009436,1312,13,True
kin8nm,LDA,0.018274875001225155,0.7932325225155419,1312,-1,True
kin8nm,QDA,0.010147834000235889,0.8201359376459065,1312,-1,True
kin8nm,DecisionTree,0.7048335829967982,0.7875787191290877,1312,-1,True
kin8nm,RandomForest,6.453937958998722,0.8746901401828,1312,-1,True
kin8nm,IWLS,0.01672225000220351,0.7815106655355086,777,8,True
kin8nm,SGD,0.8949447499981034,0.7416217812825133,777,9,True
kin8nm,ADAM,1.2459143340020091,0.773371360906304,777,8,True
kin8nm,LDA,0.01743329199962318,0.7680652495402187,777,-1,True
kin8nm,QDA,0.017541667002660688,0.7934282234527208,777,-1,True
kin8nm,DecisionTree,0.7179641659968183,0.7945835543661177,777,-1,True
kin8nm,RandomForest,6.4736179589963285,0.8564922709719549,777,-1,True
phoneme,IWLS,0.005025250000471715,0.777127604968689,420,5,True
phoneme,SGD,0.662636624998413,0.6978639623388623,420,10,True
phoneme,ADAM,0.46254808400408365,0.7791312860222623,420,5,True
phoneme,LDA,0.004364749998785555,0.7006027541906815,420,-1,True
phoneme,QDA,0.0018946249983855523,0.8016575740243741,420,-1,True
phoneme,DecisionTree,0.2611893749999581,0.8273791191869417,420,-1,True
phoneme,RandomForest,2.0407905829997617,0.8781695924443076,420,-1,True
phoneme,IWLS,0.004446209000889212,0.7755272265974453,69,5,True
phoneme,SGD,0.3756136250012787,0.7485572763136668,69,6,True
phoneme,ADAM,0.4866232089989353,0.7786619883555517,69,5,True
phoneme,LDA,0.011294750001979992,0.705046416472348,69,-1,True
phoneme,QDA,0.0017634169998927973,0.8023835188525672,69,-1,True
phoneme,DecisionTree,0.23389733300427906,0.8227576370862482,69,-1,True
phoneme,RandomForest,2.103745041997172,0.8681016909381554,69,-1,True
phoneme,IWLS,0.006850707999547012,0.7761413465909924,42,7,True
phoneme,SGD,0.7045919580050395,0.7063754821300248,42,12,True
phoneme,ADAM,0.6378855419970932,0.7820717292152464,42,7,True
phoneme,LDA,0.005976541004201863,0.6911324739319812,42,-1,True
phoneme,QDA,0.001800375001039356,0.7986676345931043,42,-1,True
phoneme,DecisionTree,0.22932795900123892,0.8101195975772508,42,-1,True
phoneme,RandomForest,2.063023457994859,0.8692327716426885,42,-1,True
phoneme,IWLS,0.0073527909989934415,0.7684327657764676,24,8,True
phoneme,SGD,0.40507016699848464,0.6780196371742414,24,6,True
phoneme,ADAM,0.5122680419954122,0.7698223268364938,24,5,True
phoneme,LDA,0.006612166995182633,0.6854275741710296,24,-1,True
phoneme,QDA,0.001960415997018572,0.7998958745801985,24,-1,True
phoneme,DecisionTree,0.314953458000673,0.8202516608737735,24,-1,True
phoneme,RandomForest,2.049862750005559,0.8659843518559256,24,-1,True
phoneme,IWLS,0.004214292006508913,0.7746381275023098,96,5,True
phoneme,SGD,0.4429120410059113,0.7567846510331881,96,7,True
phoneme,ADAM,0.5625983749996522,0.7773530878319914,96,6,True
phoneme,LDA,0.004996541996661108,0.7000527959875049,96,-1,True
phoneme,QDA,0.001625749995582737,0.8106585566163638,96,-1,True
phoneme,DecisionTree,0.22610070900555002,0.8383837828325047,96,-1,True
phoneme,RandomForest,2.1296782909994363,0.8725618519659173,96,-1,True
phoneme,IWLS,0.004883959001745097,0.7781450276445657,1312,6,True
phoneme,SGD,1.0966662080027163,0.7257853403141361,1312,18,True
phoneme,ADAM,0.5344055829991703,0.7783228474635928,1312,5,True
phoneme,LDA,0.004656167002394795,0.7052407350374705,1312,-1,True
phoneme,QDA,0.0019605839988798834,0.7956135333714638,1312,-1,True
phoneme,DecisionTree,0.2631922919972567,0.8309831786117589,1312,-1,True
phoneme,RandomForest,2.0700551249974524,0.8749211726575448,1312,-1,True
phoneme,IWLS,0.00728687499940861,0.766979042926071,777,8,True
phoneme,SGD,0.4374072079954203,0.733559916113042,777,7,True
phoneme,ADAM,0.472495957998035,0.7651366829454295,777,5,True
phoneme,LDA,0.004385542000818532,0.7009418950826404,777,-1,True
phoneme,QDA,0.0037693750055041164,0.8084128939533929,777,-1,True
phoneme,DecisionTree,0.23665025000082096,0.8246311613650696,777,-1,True
phoneme,RandomForest,2.1063225409961888,0.8762300731811049,777,-1,True
banknote,IWLS,0.000596124998992309,0.8705705490729472,420,5,False
banknote,SGD,0.10332495799957542,0.8847686544014126,420,8,False
banknote,ADAM,0.2032222090056166,0.8705705490729472,420,11,False
banknote,LDA,0.000526999996509403,0.8743765957954518,420,-1,False
banknote,QDA,0.00024249999842140824,0.868912114921135,420,-1,False
banknote,DecisionTree,0.018825250001100358,0.8721931896819146,420,-1,False
banknote,RandomForest,0.3620545840021805,0.877096905051662,420,-1,False
banknote,IWLS,0.0007028330001048744,0.8552747750972391,69,6,False
banknote,SGD,0.10285804200248094,0.8645572338750089,69,8,False
banknote,ADAM,0.17037595799774863,0.8552747750972391,69,9,False
banknote,LDA,0.000509082994540222,0.8650822058367338,69,-1,False
banknote,QDA,0.00025425000058021396,0.8601665592860381,69,-1,False
banknote,DecisionTree,0.018925083000794984,0.875450402080798,69,-1,False
banknote,RandomForest,0.3601688750059111,0.9066027155367838,69,-1,False
banknote,IWLS,0.0006011250006849878,0.848199584794903,42,5,False
banknote,SGD,0.11417254200205207,0.8503829909084402,42,9,False
banknote,ADAM,0.30248720799863804,0.8503829909084402,42,17,False
banknote,LDA,0.0004951250011799857,0.8765719330899373,42,-1,False
banknote,QDA,0.00024937499983934686,0.8765719330899373,42,-1,False
banknote,DecisionTree,0.021522958006244153,0.8809506764979598,42,-1,False
banknote,RandomForest,0.37362633400334744,0.8935142100365094,42,-1,False
banknote,IWLS,0.0005944590011495166,0.8476507504712816,24,5,False
banknote,SGD,0.09144454200577457,0.8552986374591357,24,7,False
banknote,ADAM,0.15326958399964496,0.848199584794903,24,8,False
banknote,LDA,0.0005326669997884892,0.8765719330899373,24,-1,False
banknote,QDA,0.0002477919988450594,0.8683752117784618,24,-1,False
banknote,DecisionTree,0.01611291700100992,0.8951368506454769,24,-1,False
banknote,RandomForest,0.3810787909969804,0.8891354666284869,24,-1,False
banknote,IWLS,0.000670290995913092,0.8607511871525044,96,6,False
banknote,SGD,0.13614441599929705,0.8596535185052616,96,11,False
banknote,ADAM,0.1521780410039355,0.8471019161476603,96,8,False
banknote,LDA,0.0004955839976901188,0.8732789271482091,96,-1,False
banknote,QDA,0.00023824999516364187,0.8760111675853676,96,-1,False
banknote,DecisionTree,0.015432209002028685,0.8973321879399623,96,-1,False
banknote,RandomForest,0.3727589580012136,0.9044193094232467,96,-1,False
banknote,IWLS,0.0006022089946782216,0.8460042475004176,1312,5,False
banknote,SGD,0.1142887910027639,0.8503710597274918,1312,9,False
banknote,ADAM,0.18694108400086407,0.841088600949722,1312,10,False
banknote,LDA,0.0005101249989820644,0.8448827164912783,1312,-1,False
banknote,QDA,0.00024020899581955746,0.8416016417304986,1312,-1,False
banknote,DecisionTree,0.01630158400075743,0.8563247190206886,1312,-1,False
banknote,RandomForest,0.36797495799692115,0.8732908583291574,1312,-1,False
banknote,IWLS,0.0005960829948890023,0.8547378719545661,777,5,False
banknote,SGD,0.06909570800053189,0.8552747750972391,777,5,False
banknote,ADAM,0.18651679100003093,0.8476388192903334,777,10,False
banknote,LDA,0.0005038750023231842,0.8541651752690482,777,-1,False
banknote,QDA,0.00023712500114925206,0.8563485813825853,777,-1,False
banknote,DecisionTree,0.01459245799924247,0.8683632805975136,777,-1,False
banknote,RandomForest,0.3788061250015744,0.8749254301190732,777,-1,False
kin8nm,IWLS,0.003930833001504652,0.7334159184665523,420,6,False
kin8nm,SGD,0.8216492499996093,0.7270501742764861,420,8,False
kin8nm,ADAM,1.8869260830033454,0.7342444188808026,420,14,False
kin8nm,LDA,0.003643916003056802,0.7347960902197876,420,-1,False
kin8nm,QDA,0.0014231669993023388,0.7995691268029487,420,-1,False
kin8nm,DecisionTree,0.28677029100072104,0.7548758010989718,420,-1,False
kin8nm,RandomForest,2.595382542000152,0.8334128057951319,420,-1,False
kin8nm,IWLS,0.006595749997359235,0.7291797051174305,69,7,False
kin8nm,SGD,1.0542379160033306,0.7059171221432133,69,11,False
kin8nm,ADAM,0.6769473750027828,0.7327913973709185,69,5,False
kin8nm,LDA,0.0036717089969897643,0.7248623636302226,69,-1,False
kin8nm,QDA,0.0013267500034999102,0.7818083561319957,69,-1,False
kin8nm,DecisionTree,0.20277825000084704,0.7640558638424803,69,-1,False
kin8nm,RandomForest,2.6069663329981267,0.8403384997056207,69,-1,False
kin8nm,IWLS,0.017917041994223837,0.7283220648005209,42,6,False
kin8nm,SGD,0.6553498339999351,0.7057277127759267,42,7,False
kin8nm,ADAM,3.337287957998342,0.7303787458848165,42,23,False
kin8nm,LDA,0.004777374997502193,0.7264902245560636,42,-1,False
kin8nm,QDA,0.0011177089982083999,0.7830365368020413,42,-1,False
kin8nm,DecisionTree,0.17912237500422634,0.7428271136197918,42,-1,False
kin8nm,RandomForest,2.546942166998633,0.8269305019944276,42,-1,False
kin8nm,IWLS,0.004775082998094149,0.7315486467495431,24,6,False
kin8nm,SGD,0.585168125006021,0.7157134276009185,24,6,False
kin8nm,ADAM,1.5337500829991768,0.7315777866522026,24,11,False
kin8nm,LDA,0.0037960420013405383,0.7305453069193362,24,-1,False
kin8nm,QDA,0.0014421660016523674,0.7908927207860886,24,-1,False
kin8nm,DecisionTree,0.19054054099979112,0.7604713246801068,24,-1,False
kin8nm,RandomForest,2.5654272079991642,0.8346992662704964,24,-1,False
kin8nm,IWLS,0.003586874998291023,0.7291651351661008,96,5,False
kin8nm,SGD,0.5336722079955507,0.6924071347727121,96,5,False
kin8nm,ADAM,1.083070749999024,0.7271230240331348,96,8,False
kin8nm,LDA,0.006720750003296416,0.7244481134230976,96,-1,False
kin8nm,QDA,0.001307165999605786,0.7832468076905501,96,-1,False
kin8nm,DecisionTree,0.19037008300074376,0.7430310929384081,96,-1,False
kin8nm,RandomForest,2.581397041998571,0.8407381799614162,96,-1,False
kin8nm,IWLS,0.00456224999652477,0.7269773245198373,1312,5,False
kin8nm,SGD,1.009583458006091,0.7090062829603756,1312,11,False
kin8nm,ADAM,0.7826142920021084,0.7290194356528034,1312,5,False
kin8nm,LDA,0.003709083001012914,0.727245875213665,1312,-1,False
kin8nm,QDA,0.00147283300611889,0.787876409725575,1312,-1,False
kin8nm,DecisionTree,0.22072258299886016,0.742514853071975,1312,-1,False
kin8nm,RandomForest,2.61503770800482,0.834865827305016,1312,-1,False
kin8nm,IWLS,0.004179915995337069,0.721061262009448,777,6,False
kin8nm,SGD,0.5672140000024228,0.6958731275129026,777,6,False
kin8nm,ADAM,1.8112495000023046,0.7214609422652434,777,13,False
kin8nm,LDA,0.0035084589981124736,0.7180449509489344,777,-1,False
kin8nm,QDA,0.001301915996009484,0.769308000161594,777,-1,False
kin8nm,DecisionTree,0.1856201249975129,0.7613289649970165,777,-1,False
kin8nm,RandomForest,2.556001583005127,0.8286375042468097,777,-1,False
phoneme,IWLS,0.002141832999768667,0.7455508381363016,420,7,False
phoneme,SGD,0.45228783399943495,0.7227825685247922,420,7,False
phoneme,ADAM,0.6901495830024942,0.746779078123396,420,7,False
phoneme,LDA,0.001719249994494021,0.6781882910232155,420,-1,False
phoneme,QDA,0.0006307079966063611,0.7813256192529368,420,-1,False
phoneme,DecisionTree,0.16570104199490743,0.843991523310895,420,-1,False
phoneme,RandomForest,1.543065124998975,0.8872677343188584,420,-1,False
phoneme,IWLS,0.003033540997421369,0.7522071655887486,69,7,False
phoneme,SGD,0.3954800829960732,0.7359174036106589,69,6,False
phoneme,ADAM,0.6676038750010775,0.7527571237919252,69,7,False
phoneme,LDA,0.0017214590043295175,0.6852662530980979,69,-1,False
phoneme,QDA,0.0006025830007274635,0.7681706190329536,69,-1,False
phoneme,DecisionTree,0.230132542004867,0.8330345227096074,69,-1,False
phoneme,RandomForest,1.484714874997735,0.8736122721339845,69,-1,False
phoneme,IWLS,0.0031235420028679073,0.7466654200947395,42,7,False
phoneme,SGD,0.8253175420031766,0.7376974349949403,42,14,False
phoneme,ADAM,1.0598631250031758,0.7509477613034743,42,12,False
phoneme,LDA,0.0017125000013038516,0.6578746681918841,42,-1,False
phoneme,QDA,0.0006004579990985803,0.7681064572425829,42,-1,False
phoneme,DecisionTree,0.2212398330011638,0.8270069808027923,42,-1,False
phoneme,RandomForest,1.5198626249984954,0.8732731312420257,42,-1,False
phoneme,IWLS,0.001983666996238753,0.7399101001657208,24,6,False
phoneme,SGD,0.3699525419942802,0.6815742003607725,24,6,False
phoneme,ADAM,1.335289874994487,0.742608561749307,24,15,False
phoneme,LDA,0.0017527910022181459,0.6838601932919764,24,-1,False
phoneme,QDA,0.0005980420028208755,0.7696573393755408,24,-1,False
phoneme,DecisionTree,0.1127784169948427,0.833326000557291,24,-1,False
phoneme,RandomForest,1.5235019999963697,0.867390411662047,24,-1,False
phoneme,IWLS,0.003376291999302339,0.752062343261912,96,6,False
phoneme,SGD,0.35640329099987866,0.7402987372959655,96,5,False
phoneme,ADAM,0.8784332500072196,0.7546801443090325,96,9,False
phoneme,LDA,0.0017680830060271546,0.6831654127619634,96,-1,False
phoneme,QDA,0.0005979999987175688,0.7860277618900964,96,-1,False
phoneme,DecisionTree,0.11136999999871477,0.8381088037309165,96,-1,False
phoneme,RandomForest,1.5814135830005398,0.880787393491428,96,-1,False
phoneme,IWLS,0.0026845829997910187,0.7539047032425535,1312,7,False
phoneme,SGD,0.5985005409966107,0.7416259697596317,1312,10,False
phoneme,ADAM,1.2185302500001853,0.7545188232361006,1312,14,False
phoneme,LDA,0.0017273750054300763,0.6841351723935647,1312,-1,False
phoneme,QDA,0.0005863330006832257,0.7810341414052532,1312,-1,False
phoneme,DecisionTree,0.12288891600474017,0.83453774179829,1312,-1,False
phoneme,RandomForest,1.516039959002228,0.8753574728320648,1312,-1,False
phoneme,IWLS,0.002258125001389999,0.7387313564169122,777,7,False
phoneme,SGD,0.514756208001927,0.7424472406763754,777,8,False
phoneme,ADAM,0.8499760830018204,0.7407515362165809,777,9,False
phoneme,LDA,0.0017395419999957085,0.7011032161555721,777,-1,False
phoneme,QDA,0.0005808330024592578,0.778949799815214,777,-1,False
phoneme,DecisionTree,0.15559349999966798,0.8419878422573217,777,-1,False
phoneme,RandomForest,1.5515032499970403,0.8793813336853066,777,-1,False
elevators,IWLS,0.010374625002441462,0.6759719538440534,420,6,False
elevators,SGD,1.9096881660007057,0.626209684500573,420,9,False
elevators,ADAM,2.2933862499994575,0.6766559995196102,420,7,False
elevators,LDA,0.007692250001127832,0.6555975896666333,420,-1,False
elevators,QDA,0.0022017919982317835,0.6516989541890503,420,-1,False
elevators,DecisionTree,0.26543470800243085,0.6395589137524622,420,-1,False
elevators,RandomForest,3.6200879579992034,0.6763135518087413,420,-1,False
elevators,IWLS,0.012177707998489495,0.6787409933986052,69,7,False
elevators,SGD,3.308856083000137,0.6556754830665413,69,16,False
elevators,ADAM,2.4860582090041135,0.6802968786556789,69,8,False
elevators,LDA,0.010373541997978464,0.6468270760857064,69,-1,False
elevators,QDA,0.008848749996104743,0.6476564283581827,69,-1,False
elevators,DecisionTree,0.18168224999681115,0.630656689513509,69,-1,False
elevators,RandomForest,4.000798790999397,0.6746041457416669,69,-1,False
elevators,IWLS,0.006807416997617111,0.6745174716312238,42,5,False
elevators,SGD,2.1500175000037416,0.665267134706863,42,11,False
elevators,ADAM,2.3807515000007697,0.6744489254393047,42,8,False
elevators,LDA,0.006496834001154639,0.6558964170735535,42,-1,False
elevators,QDA,0.002404042003036011,0.6585297804879016,42,-1,False
elevators,DecisionTree,0.2347070000032545,0.636256516845085,42,-1,False
elevators,RandomForest,3.467550375004066,0.6646944057809931,42,-1,False
elevators,IWLS,0.01209108300099615,0.6784928675138069,24,7,False
elevators,SGD,1.121118540999305,0.6588668464729586,24,5,False
elevators,ADAM,2.394417583003815,0.6790316065924442,24,8,False
elevators,LDA,0.007823915999324527,0.6511862739932915,24,-1,False
elevators,QDA,0.0064857920006033964,0.6496303887362178,24,-1,False
elevators,DecisionTree,0.19184054200013634,0.6341015605305362,24,-1,False
elevators,RandomForest,3.835014666998177,0.6785109954323311,24,-1,False
elevators,IWLS,0.014568291000614408,0.6706352645798034,96,7,False
elevators,SGD,2.0597292090023984,0.6442112740924286,96,10,False
elevators,ADAM,2.518672083999263,0.6682500270502534,96,9,False
elevators,LDA,0.007627999999385793,0.6544433511043585,96,-1,False
elevators,QDA,0.0034693749985308386,0.649168410062581,96,-1,False
elevators,DecisionTree,0.27322641699720407,0.6404293370903444,96,-1,False
elevators,RandomForest,3.4105573749984615,0.6663270514430673,96,-1,False
elevators,IWLS,0.007068500002787914,0.6896321901981212,1312,5,False
elevators,SGD,2.160458500002278,0.6585734007918501,1312,12,False
elevators,ADAM,2.405701957999554,0.6902559038948399,1312,8,False
elevators,LDA,0.009264584004995413,0.6586325997757803,1312,-1,False
elevators,QDA,0.002695584000321105,0.6480320161701033,1312,-1,False
elevators,DecisionTree,0.291649958002381,0.6460676862487842,1312,-1,False
elevators,RandomForest,3.4323482500039972,0.6704573843792858,1312,-1,False
elevators,IWLS,0.0067746249987976626,0.6859049202003362,777,6,False
elevators,SGD,1.9499014590037405,0.6753646685734971,777,10,False
elevators,ADAM,2.080759999997099,0.684562887732101,777,7,False
elevators,LDA,0.006339459003356751,0.6522555379374848,777,-1,False
elevators,QDA,0.003977625005063601,0.6528792516342036,777,-1,False
elevators,DecisionTree,0.20991974999924423,0.6346252874266457,777,-1,False
elevators,RandomForest,3.4771955420001177,0.6770482990064202,777,-1,False
jm1,IWLS,0.004704833001596853,0.6075761561023292,420,8,False
jm1,SGD,2.275214875000529,0.44682269355847365,420,20,False
jm1,ADAM,2.6424757080021664,0.610830294271838,420,14,False
jm1,LDA,0.0023141249985201284,0.5236544215410525,420,-1,False
jm1,QDA,0.0008356250036740676,0.5616444457552351,420,-1,False
jm1,DecisionTree,0.20414175000041723,0.5218141316209057,420,-1,False
jm1,RandomForest,1.2452466249960708,0.517976457530683,420,-1,False
jm1,IWLS,0.0034222079993924126,0.6166066678985425,69,7,False
jm1,SGD,1.106808500000625,0.6063798924175241,69,8,False
jm1,ADAM,1.7490949999992154,0.614236410595014,69,9,False
jm1,LDA,0.002301250002346933,0.5309430530334538,69,-1,False
jm1,QDA,0.000843166999402456,0.5582193697812057,69,-1,False
jm1,DecisionTree,0.10982529199827695,0.5211788328438934,69,-1,False
jm1,RandomForest,1.3236267500033136,0.519973841700759,69,-1,False
jm1,IWLS,0.0072082920014509,0.6184469578186892,42,8,False
jm1,SGD,0.7303689580003265,0.6218873820815048,42,5,False
jm1,ADAM,2.12757183299982,0.6165997461212467,42,7,False
jm1,LDA,0.002396541996859014,0.5246367120233679,42,-1,False
jm1,QDA,0.0010467909960425459,0.5640544280415042,42,-1,False
jm1,DecisionTree,0.07822783300071023,0.5468047571268726,42,-1,False
jm1,RandomForest,1.4514333339975565,0.5326918551145614,42,-1,False
jm1,IWLS,0.005001749996154103,0.6115570808878894,24,7,False
jm1,SGD,1.1630770420015324,0.6031134154276183,24,9,False
jm1,ADAM,2.2767720420015394,0.6089710447008377,24,12,False
jm1,LDA,0.0026238330028718337,0.5223251393534338,24,-1,False
jm1,QDA,0.0008541249990230426,0.5581934883530564,24,-1,False
jm1,DecisionTree,0.09517274999961955,0.540936895661129,24,-1,False
jm1,RandomForest,1.283932416998141,0.5283431732918107,24,-1,False
jm1,IWLS,0.003823958002612926,0.6064575367019718,96,7,False
jm1,SGD,1.1149942919946625,0.5640481081578863,96,9,False
jm1,ADAM,1.9435020410019206,0.6058222379249596,96,10,False
jm1,LDA,0.0023123749997466803,0.520163739156133,96,-1,False
jm1,QDA,0.0008413750038016587,0.5583436608256898,96,-1,False
jm1,DecisionTree,0.1562552909963415,0.5356387265615078,96,-1,False
jm1,RandomForest,1.2978466670028865,0.524571105612478,96,-1,False
jm1,IWLS,0.004396042000735179,0.5988926360114191,1312,8,False
jm1,SGD,1.1112754160058103,0.5478830496508114,1312,9,False
jm1,ADAM,1.5258899589971406,0.598958242422309,1312,8,False
jm1,LDA,0.0023370409980998375,0.5213100456656733,1312,-1,False
jm1,QDA,0.0008392079980694689,0.5490645669405082,1312,-1,False
jm1,DecisionTree,0.11171537499467377,0.5424888785095668,1312,-1,False
jm1,RandomForest,1.4424907080028788,0.5291494098733436,1312,-1,False
jm1,IWLS,0.0036455410008784384,0.6347263761245632,777,7,False
jm1,SGD,0.7693332079943502,0.6010200292159191,777,6,False
jm1,ADAM,1.307630709001387,0.6322249059992548,777,7,False
jm1,LDA,0.0023035000049276277,0.5230191227640402,777,-1,False
jm1,QDA,0.0008392919990001246,0.5576168742096383,777,-1,False
jm1,DecisionTree,0.19057995799812488,0.5174067651645607,777,-1,False
jm1,RandomForest,1.302587666999898,0.5254291050503093,777,-1,False
kdd_JapaneseVowels,IWLS,0.009406459001183975,0.8344958842645287,420,8,False
kdd_JapaneseVowels,SGD,1.1569115829988732,0.8114366308704904,420,7,False
kdd_JapaneseVowels,ADAM,4.5799966670019785,0.8321006746836904,420,22,False
kdd_JapaneseVowels,LDA,0.01646275000530295,0.9111326932911037,420,-1,False
kdd_JapaneseVowels,QDA,0.003494374999718275,0.9783165074809059,420,-1,False
kdd_JapaneseVowels,DecisionTree,0.2741567499979283,0.9471602250045363,420,-1,False
kdd_JapaneseVowels,RandomForest,3.5529509999978472,0.9756759208855017,420,-1,False
kdd_JapaneseVowels,IWLS,0.06554112500452902,0.8376193893205325,69,7,False
kdd_JapaneseVowels,SGD,1.4337737090027076,0.8166641922766038,69,9,False
kdd_JapaneseVowels,ADAM,1.0653462089976529,0.8352241797396942,69,6,False
kdd_JapaneseVowels,LDA,0.008342250002897345,0.8779453489714786,69,-1,False
kdd_JapaneseVowels,QDA,0.003861208002490457,0.9634895498259679,69,-1,False
kdd_JapaneseVowels,DecisionTree,0.34897608299797866,0.9429686082380693,69,-1,False
kdd_JapaneseVowels,RandomForest,3.4572839589964133,0.964347338381089,69,-1,False
kdd_JapaneseVowels,IWLS,0.05804995800281176,0.8356934890549479,42,8,False
kdd_JapaneseVowels,SGD,1.3719747499999357,0.8149943913825242,42,9,False
kdd_JapaneseVowels,ADAM,1.9947459579998394,0.834695485062932,42,11,False
kdd_JapaneseVowels,LDA,0.011955042005865835,0.8914452087560416,42,-1,False
kdd_JapaneseVowels,QDA,0.004281500005163252,0.9690890945381964,42,-1,False
kdd_JapaneseVowels,DecisionTree,0.28866420799749903,0.9481582289965523,42,-1,False
kdd_JapaneseVowels,RandomForest,3.3318500419991324,0.9628449712145956,42,-1,False
kdd_JapaneseVowels,IWLS,0.01448612500098534,0.8506635489351875,24,8,False
kdd_JapaneseVowels,SGD,1.9720566249961848,0.825832219857805,24,17,False
kdd_JapaneseVowels,ADAM,2.787730833995738,0.8486675409511555,24,17,False
kdd_JapaneseVowels,LDA,0.007410540994897019,0.8853413008693357,24,-1,False
kdd_JapaneseVowels,QDA,0.0029906659983680584,0.9743838768743505,24,-1,False
kdd_JapaneseVowels,DecisionTree,0.3208362079967628,0.9561286517873344,24,-1,False
kdd_JapaneseVowels,RandomForest,3.248170500002743,0.9746428630342621,24,-1,False
kdd_JapaneseVowels,IWLS,0.008789416999206878,0.8477990300390954,96,7,False
kdd_JapaneseVowels,SGD,1.068480083005852,0.8065303277742037,96,7,False
kdd_JapaneseVowels,ADAM,1.7694466249959078,0.8470356807047064,96,10,False
kdd_JapaneseVowels,LDA,0.013824792004015762,0.8775812012338958,96,-1,False
kdd_JapaneseVowels,QDA,0.003840749996015802,0.9698874977318092,96,-1,False
kdd_JapaneseVowels,DecisionTree,0.3575981249960023,0.9545912307616172,96,-1,False
kdd_JapaneseVowels,RandomForest,3.275250999999116,0.9686441167252273,96,-1,False
kdd_JapaneseVowels,IWLS,0.009274542004277464,0.8332982794741096,1312,7,False
kdd_JapaneseVowels,SGD,0.7568702920034411,0.8199600798403194,1312,6,False
kdd_JapaneseVowels,ADAM,1.5379899170002318,0.8323002754820936,1312,9,False
kdd_JapaneseVowels,LDA,0.007474291000107769,0.8893790930535623,1312,-1,False
kdd_JapaneseVowels,QDA,0.0032002920052036643,0.9661544679236568,1312,-1,False
kdd_JapaneseVowels,DecisionTree,0.3264680420033983,0.9515621649263457,1312,-1,False
kdd_JapaneseVowels,RandomForest,3.5970770419953624,0.9713440886821398,1312,-1,False
kdd_JapaneseVowels,IWLS,0.01868533300148556,0.8454388743174808,777,7,False
kdd_JapaneseVowels,SGD,0.7628933329979191,0.8225684993649065,777,6,False
kdd_JapaneseVowels,ADAM,2.427027375000762,0.8444408703254648,777,12,False
kdd_JapaneseVowels,LDA,0.021821791997354012,0.8880763266854721,777,-1,False
kdd_JapaneseVowels,QDA,0.0028733750004903413,0.9679859289685093,777,-1,False
kdd_JapaneseVowels,DecisionTree,0.3173633750047884,0.937463502746573,777,-1,False
kdd_JapaneseVowels,RandomForest,3.2745137919991976,0.9698417215156464,777,-1,False
mfeat-karhunen,IWLS,0.024035750000621192,0.837037037037037,420,7,False
mfeat-karhunen,SGD,0.23485666699707508,0.8009259259259259,420,10,False
mfeat-karhunen,ADAM,0.827945291006472,0.836111111111111,420,24,False
mfeat-karhunen,LDA,0.008387499998207204,0.9731481481481481,420,-1,False
mfeat-karhunen,QDA,0.005966791999526322,0.9666666666666667,420,-1,False
mfeat-karhunen,DecisionTree,0.23839783299627015,0.9462962962962963,420,-1,False
mfeat-karhunen,RandomForest,1.428131000000576,0.9083333333333333,420,-1,False
mfeat-karhunen,IWLS,0.009067374994629063,0.8425925925925926,69,6,False
mfeat-karhunen,SGD,0.32501370800309815,0.8037037037037037,69,13,False
mfeat-karhunen,ADAM,0.5532548339979257,0.8453703703703703,69,15,False
mfeat-karhunen,LDA,0.008363500004634261,0.9787037037037036,69,-1,False
mfeat-karhunen,QDA,0.010500415999558754,0.9833333333333334,69,-1,False
mfeat-karhunen,DecisionTree,0.32294591699610464,0.9222222222222223,69,-1,False
mfeat-karhunen,RandomForest,1.4315260840012343,0.95,69,-1,False
mfeat-karhunen,IWLS,0.013219416003266815,0.8611111111111112,42,7,False
mfeat-karhunen,SGD,0.18081399999937275,0.8324074074074075,42,6,False
mfeat-karhunen,ADAM,0.6335309999994934,0.8685185185185185,42,18,False
mfeat-karhunen,LDA,0.008857250002620276,0.9694444444444444,42,-1,False
mfeat-karhunen,QDA,0.006700207995891105,0.9666666666666667,42,-1,False
mfeat-karhunen,DecisionTree,0.3486961670059827,0.8925925925925926,42,-1,False
mfeat-karhunen,RandomForest,1.4004410420020577,0.8916666666666666,42,-1,False
mfeat-karhunen,IWLS,0.007358833005127963,0.8453703703703703,24,7,False
mfeat-karhunen,SGD,0.1491873749982915,0.8138888888888889,24,6,False
mfeat-karhunen,ADAM,0.5710091669971007,0.8472222222222222,24,15,False
mfeat-karhunen,LDA,0.0079312910020235,0.9888888888888889,24,-1,False
mfeat-karhunen,QDA,0.004530874997726642,0.9916666666666667,24,-1,False
mfeat-karhunen,DecisionTree,0.2428367079992313,0.8787037037037038,24,-1,False
mfeat-karhunen,RandomForest,1.484973083002842,0.8916666666666666,24,-1,False
mfeat-karhunen,IWLS,0.012980915998923592,0.862037037037037,96,7,False
mfeat-karhunen,SGD,0.21377562500128988,0.8,96,9,False
mfeat-karhunen,ADAM,0.7445721670010244,0.8666666666666667,96,23,False
mfeat-karhunen,LDA,0.009358625000459142,0.999074074074074,96,-1,False
mfeat-karhunen,QDA,0.006436584000766743,0.9916666666666667,96,-1,False
mfeat-karhunen,DecisionTree,0.27430008300143527,0.9009259259259259,96,-1,False
mfeat-karhunen,RandomForest,1.5356445829966106,0.9083333333333333,96,-1,False
mfeat-karhunen,IWLS,0.021422874997369945,0.8481481481481481,1312,6,False
mfeat-karhunen,SGD,0.13572833400394302,0.7907407407407407,1312,5,False
mfeat-karhunen,ADAM,0.9455384579996462,0.8481481481481481,1312,28,False
mfeat-karhunen,LDA,0.017315292003331706,0.9916666666666667,1312,-1,False
mfeat-karhunen,QDA,0.005505583998456132,0.9833333333333334,1312,-1,False
mfeat-karhunen,DecisionTree,0.35552041699702386,0.9018518518518519,1312,-1,False
mfeat-karhunen,RandomForest,1.4385415829965496,0.9083333333333333,1312,-1,False
mfeat-karhunen,IWLS,0.009076125003048219,0.8472222222222222,777,7,False
mfeat-karhunen,SGD,0.38431495800614357,0.8064814814814815,777,12,False
mfeat-karhunen,ADAM,0.6242038749987842,0.85,777,18,False
mfeat-karhunen,LDA,0.008983708001323976,0.9898148148148148,777,-1,False
mfeat-karhunen,QDA,0.006895166996400803,0.9833333333333334,777,-1,False
mfeat-karhunen,DecisionTree,0.22679037500347476,0.8796296296296297,777,-1,False
mfeat-karhunen,RandomForest,1.443899625002814,0.9,777,-1,False
mfeat-zernike,IWLS,0.0037474579949048348,0.8620370370370369,420,8,False
mfeat-zernike,SGD,0.1562381670009927,0.8324074074074075,420,7,False
mfeat-zernike,ADAM,0.2623787499978789,0.8675925925925926,420,8,False
mfeat-zernike,LDA,0.0036436669979593717,0.9796296296296296,420,-1,False
mfeat-zernike,QDA,0.0007988750003278255,0.9722222222222222,420,-1,False
mfeat-zernike,DecisionTree,0.16467750000447268,0.9324074074074074,420,-1,False
mfeat-zernike,RandomForest,0.7027956250021816,0.9666666666666667,420,-1,False
mfeat-zernike,IWLS,0.0016436660007457249,0.8611111111111112,69,6,False
mfeat-zernike,SGD,0.12063987500005169,0.8166666666666667,69,5,False
mfeat-zernike,ADAM,0.34465870799613185,0.8620370370370369,69,10,False
mfeat-zernike,LDA,0.0012897920023533516,0.9518518518518518,69,-1,False
mfeat-zernike,QDA,0.0005273330025374889,0.9657407407407408,69,-1,False
mfeat-zernike,DecisionTree,0.08789200000319397,0.924074074074074,69,-1,False
mfeat-zernike,RandomForest,0.703961082996102,0.9407407407407407,69,-1,False
mfeat-zernike,IWLS,0.0013277499965624884,0.8805555555555555,42,6,False
mfeat-zernike,SGD,0.13532600000326056,0.8787037037037037,42,5,False
mfeat-zernike,ADAM,0.3952563330021803,0.8824074074074074,42,12,False
mfeat-zernike,LDA,0.0013383340046857484,0.9361111111111111,42,-1,False
mfeat-zernike,QDA,0.000523874994541984,0.975,42,-1,False
mfeat-zernike,DecisionTree,0.10180200000468176,0.9342592592592592,42,-1,False
mfeat-zernike,RandomForest,0.7031190829948173,0.9388888888888889,42,-1,False
mfeat-zernike,IWLS,0.0014930830002413131,0.8787037037037038,24,5,False
mfeat-zernike,SGD,0.34591820900095627,0.8638888888888889,24,15,False
mfeat-zernike,ADAM,0.3541923750017304,0.8777777777777778,24,11,False
mfeat-zernike,LDA,0.0013757909982814454,0.9546296296296296,24,-1,False
mfeat-zernike,QDA,0.000536833998921793,0.9787037037037036,24,-1,False
mfeat-zernike,DecisionTree,0.1110658749967115,0.962962962962963,24,-1,False
mfeat-zernike,RandomForest,0.7489806250014226,0.9564814814814815,24,-1,False
mfeat-zernike,IWLS,0.0016740409992053173,0.8916666666666666,96,6,False
mfeat-zernike,SGD,0.11189995799941244,0.8592592592592593,96,5,False
mfeat-zernike,ADAM,0.24421991699637147,0.8962962962962964,96,7,False
mfeat-zernike,LDA,0.0013403750053839758,0.937037037037037,96,-1,False
mfeat-zernike,QDA,0.000567292001505848,0.9796296296296296,96,-1,False
mfeat-zernike,DecisionTree,0.09912083300150698,0.9074074074074074,96,-1,False
mfeat-zernike,RandomForest,0.7333068750012899,0.9074074074074074,96,-1,False
mfeat-zernike,IWLS,0.001890584004286211,0.8601851851851852,1312,6,False
mfeat-zernike,SGD,0.20591862499713898,0.8537037037037036,1312,9,False
mfeat-zernike,ADAM,0.2910254590024124,0.8666666666666667,1312,8,False
mfeat-zernike,LDA,0.001360666996333748,0.9722222222222222,1312,-1,False
mfeat-zernike,QDA,0.0005549169945879839,0.9712962962962963,1312,-1,False
mfeat-zernike,DecisionTree,0.13841924999724142,0.9314814814814816,1312,-1,False
mfeat-zernike,RandomForest,0.707545500001288,0.9333333333333333,1312,-1,False
mfeat-zernike,IWLS,0.0016845830032252707,0.8703703703703703,777,5,False
mfeat-zernike,SGD,0.1622796669980744,0.8351851851851851,777,8,False
mfeat-zernike,ADAM,0.30305295799917076,0.8666666666666667,777,9,False
mfeat-zernike,LDA,0.006291334000707138,0.9638888888888889,777,-1,False
mfeat-zernike,QDA,0.0006601249988307245,0.9787037037037036,777,-1,False
mfeat-zernike,DecisionTree,0.15307020799809834,0.9518518518518518,777,-1,False
mfeat-zernike,RandomForest,0.7291009160035173,0.9564814814814815,777,-1,False
pc1,IWLS,0.000709790998371318,0.6503506311360449,420,7,False
pc1,SGD,0.055565916998602916,0.3866760168302945,420,5,False
pc1,ADAM,0.1241809579951223,0.6487377279102384,420,8,False
pc1,LDA,0.000542125002539251,0.5805049088359047,420,-1,False
pc1,QDA,0.0002356670011067763,0.5925666199158486,420,-1,False
pc1,DecisionTree,0.018267250001372304,0.5185133239831697,420,-1,False
pc1,RandomForest,0.35764262499287724,0.5402524544179523,420,-1,False
pc1,IWLS,0.0007013340000412427,0.6664796633941094,69,7,False
pc1,SGD,0.11076462500204798,0.3667601683029453,69,11,False
pc1,ADAM,0.12484612499974901,0.638288920056101,69,8,False
pc1,LDA,0.0005538749974220991,0.5386395511921459,69,-1,False
pc1,QDA,0.000240790999669116,0.5539270687237027,69,-1,False
pc1,DecisionTree,0.01899254199815914,0.5418653576437588,69,-1,False
pc1,RandomForest,0.32913204199576285,0.5201262272089762,69,-1,False
pc1,IWLS,0.0007347499995375983,0.688218793828892,42,7,False
pc1,SGD,0.15747195899893995,0.6962833099579242,42,16,False
pc1,ADAM,0.11094945800141431,0.7067321178120617,42,7,False
pc1,LDA,0.0005800829967483878,0.6006311360448808,42,-1,False
pc1,QDA,0.00024995800049509853,0.6143057503506312,42,-1,False
pc1,DecisionTree,0.013915915995312389,0.5169004207573633,42,-1,False
pc1,RandomForest,0.3203786670055706,0.5619915848527349,42,-1,False
pc1,IWLS,0.0006438339987653308,0.6342215988779804,24,6,False
pc1,SGD,0.05569729200215079,0.5384291725105189,24,5,False
pc1,ADAM,0.12452087499696063,0.6406732117812062,24,8,False
pc1,LDA,0.0005687919983756728,0.5788920056100981,24,-1,False
pc1,QDA,0.0002873339981306344,0.5893408134642356,24,-1,False
pc1,DecisionTree,0.018279832998814527,0.6038569424964937,24,-1,False
pc1,RandomForest,0.34404029099823674,0.6054698457223001,24,-1,False
pc1,IWLS,0.0007865830048103817,0.7574333800841515,96,8,False
pc1,SGD,0.07406058400374604,0.7816269284712483,96,7,False
pc1,ADAM,0.0834397920043557,0.7888499298737728,96,5,False
pc1,LDA,0.0005466250004246831,0.5539270687237027,96,-1,False
pc1,QDA,0.00024400000256719068,0.5828892005610098,96,-1,False
pc1,DecisionTree,0.01732741700106999,0.5571528751753155,96,-1,False
pc1,RandomForest,0.3586480419980944,0.558765778401122,96,-1,False
pc1,IWLS,0.0007240409977384843,0.7139551192145863,1312,7,False
pc1,SGD,0.10208416700334055,0.7099579242636747,1312,10,False
pc1,ADAM,0.08256579199951375,0.7155680224403926,1312,5,False
pc1,LDA,0.0005578749987762421,0.6207573632538569,1312,-1,False
pc1,QDA,0.0002386250052950345,0.6392706872370266,1312,-1,False
pc1,DecisionTree,0.01991870799975004,0.5490883590462833,1312,-1,False
pc1,RandomForest,0.3364710419991752,0.5821178120617111,1312,-1,False
pc1,IWLS,0.000651708003715612,0.7195652173913043,777,6,False
pc1,SGD,0.08352037499571452,0.7356942496493688,777,8,False
pc1,ADAM,0.09659291599382414,0.7163394109396914,777,6,False
pc1,LDA,0.0005379589929361828,0.6239831697054699,777,-1,False
pc1,QDA,0.00023470800078939646,0.6513323983169705,777,-1,False
pc1,DecisionTree,0.021077958001114894,0.5788920056100981,777,-1,False
pc1,RandomForest,0.3415675420037587,0.6054698457223001,777,-1,False
